{
  "kicko": {
    "allTickers": [
      "FLCN",
      "STHC",
      "PGUS"
    ],
    "trendToHigh": 0,
    "trendToLow": -64.76413255360625,
    "avgTrendBetween": -32.38206627680312
  },
  "kickoYellow": {
    "allTickers": [
      "SPDL",
      "LFAP"
    ],
    "trendToHigh": 85.05154639175258,
    "trendToLow": -29.428303655107783,
    "avgTrendBetween": 27.8116213683224
  }
}